CONTENT_ID,SEQUENCE,CHILD_CONTENT_ID,CONDITION
DESC-PMNT-IN-SINGLE,1,HEADER-CREDITOR-REFERENCE,HasCreditorReference
DESC-PMNT-IN-SINGLE,1,HEADER-DEBTOR-PARTY,NoCreditorReference
DESC-PMNT-IN-SINGLE,2,SUBHEADER-BANKTRANSACTIONCD,
DESC-PMNT-OUT-SINGLE,1,HEADER-CREDITOR-PARTY,
DESC-PMNT-OUT-SINGLE,2,SUBHEADER-PMNT-OUT-SINGLE,
HEADER-CREDITOR-PARTY,1,HEADLINE-CREDITOR-PARTY-NAME,
HEADER-CREDITOR-PARTY,1,OPTHEADLINE-CREDITOR-PARTY-ADDRESS,
HEADER-CREDITOR-REFERENCE,,HEADLINE-CREDITOR-REFERENCE,
HEADER-DEBTOR-PARTY,2,HEADLINE-DEBTOR-PARTY-NAME,
HEADER-DEBTOR-PARTY,2,OPTHEADLINE-DEBTOR-PARTY-ADDRESS,
HEADLINE-BANKTRANSACTIONCD,,SIMPLE-BANKTRANSACTIONCD,
HEADLINE-CREDITOR-REFERENCE,,SIMPLE-CREDITOR-REFERENCE,
HEADLINE-DEBTOR-PARTY-NAME,,SIMPLE-DEBTOR-PARTYNAME,
HEADLINE-INDIVBOOKTXT-TRXCD,1,SIMPLE-INDIVBOOKINGTXT,
HEADLINE-INDIVBOOKTXT-TRXCD,2,SIMPLE-BANKTRANSACTIONCD,
OPTHEADLINE-CREDITOR-PARTY-ADDRESS,1,SIMPLE-CREDITOR-PARTYADDRESS,
OPTHEADLINE-CREDITOR-PARTY-ADDRESS,2,SIMPLE-CREDITOR-PARTYCOUNTRY,
OPTHEADLINE-DEBTOR-PARTY-ADDRESS,1,SIMPLE-DEBTOR-PARTYADDRESS,
OPTHEADLINE-DEBTOR-PARTY-ADDRESS,2,SIMPLE-DEBTOR-PARTYCOUNTRY,
OPTHEADLINE-REVERSAL,,SIMPLE-REVERSALINDICATOR,
SUBHEADER-BANKTRANSACTIONCD,1,HEADLINE-BANKTRANSACTIONCD,
SUBHEADER-BANKTRANSACTIONCD,2,OPTHEADLINE-REVERSAL,
SUBHEADER-PMNT-OUT-SINGLE,1,HEADLINE-INDIVBOOKTXT-TRXCD,
SUBHEADER-PMNT-OUT-SINGLE,2,OPTHEADLINE-REVERSAL,